"Account Number: 10000000000001 AED",
"Statement Period: From 01/01/2024 to 31/01/2024",
"Account Name(s): SAMPLE ACCOUNT HOLDER",
"Account Status: ACTIVE",
"Opening Balance: 1,000.00 AED",
"Closing Balance: 1,250.50 AED",
Posting Date,Value Date,Reference No,Description,Debit Amount,Credit Amount,Balance
"02/01/2024 09:15:00","02/01/2024","100001","SALARY","0.00","5000.00","6000.00",
"02/01/2024 10:30:22","02/01/2024","100002","20000000001 MBTRF AED1500 TRF OUT TO Sample Holder","1500","0.00","4500.00",
"03/01/2024 14:05:11","03/01/2024","100003","CREDIT CARD PAYMNT XXXXXXXXXXXX1111","250.5","0.00","4249.5",
"05/01/2024 08:00:00","05/01/2024","100004","LOANRECOVERY-EMI:SAMPLELOAN001","1000","0.00","3249.5",
"10/01/2024 16:45:33","10/01/2024","100005","20000000002 MBTRF AED100 TRF OUT TO Sample Payee","100","0.00","3149.5",
"15/01/2024 11:20:05","15/01/2024","100006","GROCERY STORE PURCHASE","49","0.00","3100.5",
"20/01/2024 07:00:00","20/01/2024","100007","SALARY","0.00","5000.00","8100.5",
"22/01/2024 12:10:44","22/01/2024","100008","CREDIT CARD PAYMNT XXXXXXXXXXXX2222","6850","0.00","1250.5",
